{
  "version": 1,
  "author": "Anonymous maker",
  "editor": "wokwi",
  "parts": [
    {
      "type": "board-esp32-s3-devkitc-1",
      "id": "esp",
      "top": -223.47,
      "left": 295.52,
      "rotate": 270,
      "attrs": { "builder": "esp-idf" }
    },
    { "type": "wokwi-led", "id": "led1", "top": 6, "left": 147.8, "attrs": { "color": "green" } },
    {
      "type": "wokwi-led",
      "id": "led2",
      "top": 15.6,
      "left": 205.4,
      "attrs": { "color": "yellow" }
    },
    {
      "type": "wokwi-led",
      "id": "led3",
      "top": 15.6,
      "left": 253.4,
      "attrs": { "color": "blue" }
    },
    {
      "type": "wokwi-led",
      "id": "led4",
      "top": 15.6,
      "left": 291.8,
      "attrs": { "color": "white" }
    },
    {
      "type": "wokwi-resistor",
      "id": "r1",
      "top": 13,
      "left": 162.35,
      "rotate": 270,
      "attrs": { "value": "220" }
    },
    {
      "type": "wokwi-resistor",
      "id": "r2",
      "top": 22.6,
      "left": 219.95,
      "rotate": 270,
      "attrs": { "value": "220" }
    },
    {
      "type": "wokwi-resistor",
      "id": "r3",
      "top": 32.2,
      "left": 258.35,
      "rotate": 270,
      "attrs": { "value": "220" }
    },
    {
      "type": "wokwi-resistor",
      "id": "r4",
      "top": 32.2,
      "left": 306.35,
      "rotate": 270,
      "attrs": { "value": "220" }
    },
    {
      "type": "wokwi-pushbutton-6mm",
      "id": "btn1",
      "top": -229.4,
      "left": 224.8,
      "rotate": 90,
      "attrs": { "color": "green", "xray": "1" }
    },
    {
      "type": "wokwi-pushbutton-6mm",
      "id": "btn2",
      "top": -239,
      "left": 282.4,
      "rotate": 90,
      "attrs": { "color": "yellow", "xray": "1" }
    },
    {
      "type": "wokwi-resistor",
      "id": "r6",
      "top": -168.55,
      "left": 267.4,
      "rotate": 180,
      "attrs": { "value": "10000" }
    },
    {
      "type": "wokwi-resistor",
      "id": "r5",
      "top": -197.65,
      "left": 297.6,
      "attrs": { "value": "10000" }
    },
    {
      "type": "wokwi-led",
      "id": "led5",
      "top": 15.6,
      "left": 349.4,
      "attrs": { "color": "blue" }
    },
    {
      "type": "wokwi-resistor",
      "id": "r7",
      "top": 24,
      "left": 364.25,
      "rotate": 90,
      "attrs": { "value": "220" }
    },
    {
      "type": "board-ssd1306",
      "id": "oled1",
      "top": 137.54,
      "left": 413.03,
      "attrs": { "i2cAddress": "0x3c" }
    }
  ],
  "connections": [
    [ "esp:TX", "$serialMonitor:RX", "", [] ],
    [ "esp:RX", "$serialMonitor:TX", "", [] ],
    [ "led1:A", "r1:1", "green", [ "v0" ] ],
    [ "r1:2", "esp:4", "green", [ "h0" ] ],
    [ "led2:A", "r2:1", "gold", [ "v0" ] ],
    [ "r2:2", "esp:5", "gold", [ "h0" ] ],
    [ "led3:A", "r3:1", "blue", [ "v0" ] ],
    [ "r3:2", "esp:6", "blue", [ "h0" ] ],
    [ "led4:A", "r4:1", "white", [ "v0" ] ],
    [ "esp:7", "r4:2", "white", [ "v0" ] ],
    [ "led1:C", "esp:GND.1", "black", [ "v28.8", "h336.4" ] ],
    [ "led2:C", "esp:GND.1", "black", [ "v38.4", "h0.4" ] ],
    [ "led3:C", "esp:GND.1", "black", [ "v28.8", "h173.2" ] ],
    [ "led4:C", "esp:GND.1", "black", [ "v28.8", "h96.4" ] ],
    [ "esp:3V3.1", "btn1:2.l", "red", [ "v19.25", "h-115.2", "v-192" ] ],
    [ "btn1:2.l", "btn2:2.l", "red", [ "v-28.8", "h57.2" ] ],
    [ "btn1:1.r", "r6:2", "green", [ "v0" ] ],
    [ "r6:2", "esp:1", "green", [ "v38.4", "h20.4" ] ],
    [ "btn2:2.r", "esp:2", "gold", [ "v20", "h-10" ] ],
    [ "btn2:2.r", "r5:1", "gold", [ "v0" ] ],
    [ "r5:2", "esp:GND.3", "black", [ "v0", "h75.6" ] ],
    [ "r6:1", "esp:GND.3", "black", [ "v0", "h105.6" ] ],
    [ "r7:2", "led5:A", "green", [ "h0" ] ],
    [ "led5:C", "esp:GND.1", "black", [ "v19.2", "h77.2" ] ],
    [ "oled1:GND", "esp:GND.1", "black", [ "v-96", "h-9.6" ] ],
    [ "esp:3V3.1", "oled1:VCC", "red", [ "v19.25", "h-115.2", "v144", "h336" ] ],
    [ "esp:3", "r7:1", "violet", [ "v0" ] ],
    [ "oled1:SDA", "esp:8", "green", [ "v-153.6", "h-134.33" ] ],
    [ "esp:9", "oled1:SCL", "gold", [ "v28.85", "h86.4" ] ]
  ],
  "dependencies": {}
}